system,overall,fm_acc,proj_acc,high_cost,low_cost,weighted_cost,vs_gpt
GPT-4o (text-only),0.59,0.916,0.123,107,15,1085,baseline
LR-Balanced,0.8009373458312777,0.8110294117647059,0.780359820089955,293,514,3444,+217.4%
LR-CostWeighted,0.6164282190429206,0.44779411764705884,0.9602698650674663,53,1502,2032,+87.3%
LR-ThresholdShift,0.4975333004440059,0.25625,0.9895052473763118,14,2023,2163,+99.4%
ARIA-Full,0.59,0.725,0.393,74,49,789,-27.3%
